[
  {
    "id": "bcfbd9c8-280d-4118-a927-0a55cc370120",
    "data": [
      {
        "text": "fine",
        "userDefined": false
      }
    ],
    "isTemplate": false,
    "count": 0,
    "updated": 1551479891
  },
  {
    "id": "6f9ca313-5c34-4165-b039-1881ab061fda",
    "data": [
      {
        "text": "good",
        "userDefined": false
      }
    ],
    "isTemplate": false,
    "count": 0,
    "updated": 1551479891
  },
  {
    "id": "44807077-1e73-4913-ae43-1b7ab14d3420",
    "data": [
      {
        "text": "i am fine",
        "userDefined": false
      }
    ],
    "isTemplate": false,
    "count": 1,
    "updated": 1551478988
  },
  {
    "id": "c06a6736-2f78-4ee6-98b2-26a6cde80032",
    "data": [
      {
        "text": "i\u0027m good",
        "userDefined": false
      }
    ],
    "isTemplate": false,
    "count": 0,
    "updated": 1551478988
  },
  {
    "id": "b529bdfa-aee0-46f5-bea9-fcb8fdb01dd1",
    "data": [
      {
        "text": "just going to say hi",
        "userDefined": false
      }
    ],
    "isTemplate": false,
    "count": 0,
    "updated": 0
  },
  {
    "id": "b7d70642-66e4-416a-8925-b0dfb540450f",
    "data": [
      {
        "text": "heya",
        "userDefined": false
      }
    ],
    "isTemplate": false,
    "count": 0,
    "updated": 0
  },
  {
    "id": "7cdb0fa5-85b1-464d-86dd-12838d8ba2f3",
    "data": [
      {
        "text": "hello hi",
        "userDefined": false
      }
    ],
    "isTemplate": false,
    "count": 0,
    "updated": 0
  },
  {
    "id": "6feb56f1-26c7-4a15-b554-be4a5be152fb",
    "data": [
      {
        "text": "howdy",
        "userDefined": false
      }
    ],
    "isTemplate": false,
    "count": 0,
    "updated": 0
  },
  {
    "id": "bcb7dd3c-0001-443f-a51a-9f46b144f6f7",
    "data": [
      {
        "text": "hey there",
        "userDefined": false
      }
    ],
    "isTemplate": false,
    "count": 0,
    "updated": 0
  },
  {
    "id": "60507fcd-f42a-457e-b573-292daa498842",
    "data": [
      {
        "text": "hi there",
        "userDefined": false
      }
    ],
    "isTemplate": false,
    "count": 1,
    "updated": 0
  },
  {
    "id": "b9da4f05-0b25-4018-a0bc-ad901856413e",
    "data": [
      {
        "text": "greetings",
        "userDefined": false
      }
    ],
    "isTemplate": false,
    "count": 0,
    "updated": 0
  },
  {
    "id": "a1a5a809-5c55-466c-8f0e-f872667decb9",
    "data": [
      {
        "text": "hey",
        "userDefined": false
      }
    ],
    "isTemplate": false,
    "count": 0,
    "updated": 0
  },
  {
    "id": "6af2a759-545c-4b7e-9466-97d54b0f495c",
    "data": [
      {
        "text": "long time no see",
        "userDefined": false
      }
    ],
    "isTemplate": false,
    "count": 0,
    "updated": 0
  },
  {
    "id": "923aa0b9-3856-4066-8b01-a7179d9e58bd",
    "data": [
      {
        "text": "hello",
        "userDefined": false
      }
    ],
    "isTemplate": false,
    "count": 1,
    "updated": 0
  },
  {
    "id": "630e2f78-17ab-4726-ac37-b1a675832af6",
    "data": [
      {
        "text": "lovely day isn\u0027t it",
        "userDefined": false
      }
    ],
    "isTemplate": false,
    "count": 0,
    "updated": 0
  },
  {
    "id": "8ff8069e-cbc2-425c-ae52-ab92d3eb6031",
    "data": [
      {
        "text": "I greet you",
        "userDefined": false
      }
    ],
    "isTemplate": false,
    "count": 0,
    "updated": 0
  },
  {
    "id": "b7f1eb5a-3024-49fb-8880-31741a419be1",
    "data": [
      {
        "text": "hello again",
        "userDefined": false
      }
    ],
    "isTemplate": false,
    "count": 0,
    "updated": 0
  },
  {
    "id": "9a979712-06e5-4207-8235-2ff839dae574",
    "data": [
      {
        "text": "hi",
        "userDefined": false
      }
    ],
    "isTemplate": false,
    "count": 0,
    "updated": 0
  },
  {
    "id": "518b826b-6a4d-4f30-9b09-e9be9c71f9dd",
    "data": [
      {
        "text": "hello there",
        "userDefined": false
      }
    ],
    "isTemplate": false,
    "count": 0,
    "updated": 0
  },
  {
    "id": "42b29c04-cf96-4ced-9c92-cd9f619acafa",
    "data": [
      {
        "text": "a good day",
        "userDefined": false
      }
    ],
    "isTemplate": false,
    "count": 0,
    "updated": 0
  }
]