[
  {
    "id": "0330a920-036d-4508-929f-657da2663943",
    "data": [
      {
        "text": "i have complaint",
        "userDefined": false
      }
    ],
    "isTemplate": false,
    "count": 0,
    "updated": 1551790834
  },
  {
    "id": "f80d6483-2168-49dd-8992-6a02369f851c",
    "data": [
      {
        "text": "it is a complaint",
        "userDefined": false
      }
    ],
    "isTemplate": false,
    "count": 0,
    "updated": 1551790834
  },
  {
    "id": "8d90a952-b977-4116-94de-29b50b5be583",
    "data": [
      {
        "text": "it\u0027s a complaint",
        "userDefined": false
      }
    ],
    "isTemplate": false,
    "count": 0,
    "updated": 1551790834
  },
  {
    "id": "756be695-8f42-4906-8491-912bc9ea2aca",
    "data": [
      {
        "text": "its a complaint",
        "userDefined": false
      }
    ],
    "isTemplate": false,
    "count": 0,
    "updated": 1551790834
  },
  {
    "id": "98166543-4e93-4e0c-9763-4954dc4d7d68",
    "data": [
      {
        "text": "complaint",
        "userDefined": false
      }
    ],
    "isTemplate": false,
    "count": 0,
    "updated": 1551790834
  },
  {
    "id": "d1af320f-d2e3-4d81-8d64-b7e2f0422e19",
    "data": [
      {
        "text": "a complaint",
        "userDefined": false
      }
    ],
    "isTemplate": false,
    "count": 0,
    "updated": 1551790834
  },
  {
    "id": "e5ef6521-8dc2-47ae-ad89-cc7d3077973a",
    "data": [
      {
        "text": "i have a complaint",
        "userDefined": false
      }
    ],
    "isTemplate": false,
    "count": 0,
    "updated": 1551790834
  },
  {
    "id": "c87c1234-955a-4ed2-87a5-83c266fe280b",
    "data": [
      {
        "text": "i have a",
        "meta": "@sys.ignore",
        "userDefined": true
      },
      {
        "text": " ",
        "userDefined": false
      },
      {
        "text": "feedback",
        "alias": "feedback",
        "meta": "@feedback",
        "userDefined": true
      }
    ],
    "isTemplate": false,
    "count": 0,
    "updated": 1551788462
  },
  {
    "id": "3e6ab731-90a1-48f3-a5d9-9673e6cf0ceb",
    "data": [
      {
        "text": "description is ",
        "userDefined": false
      },
      {
        "text": "management is so good",
        "alias": "description",
        "meta": "@sys.any",
        "userDefined": true
      }
    ],
    "isTemplate": false,
    "count": 0,
    "updated": 1551786784
  },
  {
    "id": "3d51f5fd-ba70-45b4-bab1-ad39fee27ea6",
    "data": [
      {
        "text": "subject is ",
        "userDefined": false
      },
      {
        "text": "discipline",
        "alias": "subject",
        "meta": "@sys.any",
        "userDefined": false
      }
    ],
    "isTemplate": false,
    "count": 0,
    "updated": 1551786709
  },
  {
    "id": "54554e15-018f-4063-9293-f148bcb115f6",
    "data": [
      {
        "text": "a suggestion",
        "userDefined": false
      }
    ],
    "isTemplate": false,
    "count": 0,
    "updated": 1551786709
  },
  {
    "id": "42605af5-1cc8-4ead-9bb2-dbbb164aab13",
    "data": [
      {
        "text": "suggestion",
        "userDefined": false
      }
    ],
    "isTemplate": false,
    "count": 0,
    "updated": 1551786709
  },
  {
    "id": "89b31d8a-5a76-4999-9e64-7930695d4ea2",
    "data": [
      {
        "text": "it is a ",
        "userDefined": false
      },
      {
        "text": "suggestion",
        "meta": "@sys.ignore",
        "userDefined": true
      }
    ],
    "isTemplate": false,
    "count": 0,
    "updated": 1551786709
  },
  {
    "id": "fb68ccd2-d8a6-489a-aa76-223870a709fe",
    "data": [
      {
        "text": "have some suggestion",
        "userDefined": false
      }
    ],
    "isTemplate": false,
    "count": 0,
    "updated": 1551786709
  },
  {
    "id": "c67e7e2d-78e5-40d4-a0ce-3ad3b355ffbd",
    "data": [
      {
        "text": "have some",
        "alias": "feedback",
        "meta": "@feedback",
        "userDefined": true
      },
      {
        "text": " ",
        "userDefined": false
      },
      {
        "text": "feedback",
        "meta": "@sys.ignore",
        "userDefined": true
      }
    ],
    "isTemplate": false,
    "count": 0,
    "updated": 1551786709
  },
  {
    "id": "41ab4f68-0c29-46a8-9695-01e83241cf97",
    "data": [
      {
        "text": "i have some",
        "alias": "feedback",
        "meta": "@feedback",
        "userDefined": true
      },
      {
        "text": " feedback",
        "userDefined": false
      }
    ],
    "isTemplate": false,
    "count": 0,
    "updated": 1551786709
  },
  {
    "id": "3051686f-300d-49b0-9ad4-95a56ed7924b",
    "data": [
      {
        "text": "i want to give a feedback",
        "userDefined": false
      }
    ],
    "isTemplate": false,
    "count": 0,
    "updated": 1551786709
  },
  {
    "id": "77437389-3566-4b15-8111-2289eea4ddf7",
    "data": [
      {
        "text": "feedback is a ",
        "userDefined": false
      },
      {
        "text": "suggestion",
        "meta": "@sys.ignore",
        "userDefined": true
      }
    ],
    "isTemplate": false,
    "count": 0,
    "updated": 1551785465
  },
  {
    "id": "15fed8f5-d5c4-4379-a4f1-bea07002e52a",
    "data": [
      {
        "text": "feedback is a complaint",
        "userDefined": false
      }
    ],
    "isTemplate": false,
    "count": 0,
    "updated": 1551785465
  },
  {
    "id": "5d53848b-ae7b-43c1-9eb3-1f5c1ad316d5",
    "data": [
      {
        "text": "i have to provide a feedback",
        "userDefined": false
      }
    ],
    "isTemplate": false,
    "count": 0,
    "updated": 1551784859
  },
  {
    "id": "4169f037-7a04-4085-9062-cd23f85169cd",
    "data": [
      {
        "text": "i want to provide some ",
        "userDefined": false
      },
      {
        "text": "suggestion",
        "meta": "@sys.ignore",
        "userDefined": false
      }
    ],
    "isTemplate": false,
    "count": 1,
    "updated": 1551784859
  },
  {
    "id": "add62421-d1c2-47b5-9e2f-5f700c10973b",
    "data": [
      {
        "text": "i want to provide some ",
        "userDefined": false
      },
      {
        "text": "feedback",
        "meta": "@sys.ignore",
        "userDefined": true
      }
    ],
    "isTemplate": false,
    "count": 0,
    "updated": 1551785465
  },
  {
    "id": "74d959dc-e46f-4a8b-a358-31d376500db4",
    "data": [
      {
        "text": "i have a ",
        "userDefined": false
      },
      {
        "text": "suggestion",
        "meta": "@sys.ignore",
        "userDefined": true
      }
    ],
    "isTemplate": false,
    "count": 0,
    "updated": 1551784859
  }
]